{"https://coincodex.com/api/v1/metadata/fiat_rates?t=1905552":{"loaded":1714996863672,"data":{"headers":{"normalizedNames":{},"lazyUpdate":null},"status":200,"statusText":"OK","url":"http://coincodex.com/api/v1/metadata/fiat_rates?t=1905552","ok":true,"type":4,"body":{"GEL":0.3979127536145247,"AED":0.27228,"AFN":0.01384135,"ALL":0.01071931,"AMD":0.00258118,"ARS":0.00113798,"AUD":0.66322,"BAM":0.55118,"BBD":0.49551,"BDT":0.00911364,"BGN":0.55078,"BHD":2.6529,"BIF":0.000349179519,"BMD":1,"BND":0.74089,"BOB":0.14481,"BRL":0.19715,"BSD":1.00001,"BWP":0.07365609,"BYN":80431.9296875,"BZD":0.49636,"CAD":0.73142,"CDF":0.000359079936,"CHF":1.10464,"CLP":0.00106516,"CNH":0.13875,"CNY":0.14136,"COP":0.000256125426,"CRC":0.00195563,"CUP":0.04166505,"CVE":0.00976887,"CZK":0.04308066,"DJF":0.0056155,"DKK":0.14442,"DOP":0.01723838,"DZD":0.00743496,"EGP":0.02085515,"ETB":0.01741743,"EUR":1.0772,"FJD":0.44571,"GBP":1.25764,"GHS":0.07245816,"GMD":0.01481482,"GNF":0.000116373213,"GTQ":0.12871,"HKD":0.12795,"HNL":0.04049248,"HRK":0.14264,"HTG":0.00753299,"HUF":0.00276633,"IDR":0.000062271357,"ILS":0.26762,"INR":0.01197486,"IQD":0.000763696468,"ISK":0.00716184,"JMD":0.00637977,"JOD":1.41085,"JPY":0.00650322,"KES":0.00754771,"KHR":0.000245815838,"KMF":0.00219602,"KRW":0.000737528796,"KWD":3.25303,"KYD":1.20051,"KZT":0.00227379,"LAK":0.000046896251,"LBP":0.000011166401,"LKR":0.00336781,"LRD":0.00519481,"LSL":0.0543018,"LYD":0.2053,"MAD":0.09985312,"MDL":0.05666798,"MKD":0.01750527,"MMK":0.000476224258,"MOP":0.12423,"MUR":0.02140663,"MVR":0.06485084,"MWK":0.000576733384,"MXN":0.0591017,"MXV":0.48181,"MYR":0.21106,"NAD":0.0543018,"NGN":0.000699204158,"NIO":0.02717116,"NOK":0.0923945,"NPR":0.00748298,"NZD":0.602,"OMR":2.59792,"PAB":1.00051,"PEN":0.26836,"PGK":0.25859,"PHP":0.01749537,"PKR":0.0035941,"PLN":0.24931,"PYG":0.000133761098,"QAR":0.27473,"RON":0.21665,"RSD":0.0091971,"RUB":0.0109559}}},"https://coincodex.com/api/v1/assets/get_asset?symbol=USD&t=5716658":{"loaded":1714997148988,"data":{"headers":{"normalizedNames":{},"lazyUpdate":null},"status":200,"statusText":"OK","url":"http://coincodex.com/api/v1/assets/get_asset?symbol=USD&t=5716658","ok":true,"type":4,"body":{"symbol":"USD","display":"true","display_symbol":"USD","name":"US Dollar","slug":"usd","ccu_slug":"united-states-dollar","sign":"$","type":"fiat","image_id":"e24df1f7-4227-4e79-2e2d-265327b5ec00","last_price_usd":1,"volume_24_usd":0,"last_market_cap_usd":23375000000000,"price_change_1H_percent":0,"price_change_1D_percent":0,"price_change_7D_percent":0,"price_change_30D_percent":0,"price_change_90D_percent":0,"price_change_180D_percent":0,"price_change_YTD_percent":0,"price_change_365D_percent":0,"price_change_3Y_percent":0,"price_change_5Y_percent":0,"price_change_ALL_percent":0,"include_supply":true,"supply":23374960609000,"total_supply":0,"max_supply":0,"market_cap_rank":1,"visits_24h_rank":3024,"volume_rank":null,"last_update":"2024-05-06T12:01:45.000Z","btc_price":0.000015556943234892107,"btc_change":-0.7340715409546467}}},"https://coincodex.com/api/v1/assets/get_asset?symbol=BTC&t=5716657":{"loaded":1714996867333,"data":{"headers":{"normalizedNames":{},"lazyUpdate":null},"status":200,"statusText":"OK","url":"http://coincodex.com/api/v1/assets/get_asset?symbol=BTC&t=5716657","ok":true,"type":4,"body":{"symbol":"BTC","display":"true","display_symbol":"BTC","name":"Bitcoin","slug":"bitcoin","ccu_slug":"bitcoin","sign":"฿","type":"crypto","image_id":"b9469e27-476b-4fc8-0d5e-9a9e51581400","last_price_usd":64220.02,"volume_24_usd":104329101312,"last_market_cap_usd":1264790000000,"price_change_1H_percent":0.2651,"price_change_1D_percent":0.5921,"price_change_7D_percent":2.7077,"price_change_30D_percent":-5.3017,"price_change_90D_percent":49.6306,"price_change_180D_percent":81.6646,"price_change_YTD_percent":50.403,"price_change_365D_percent":122.755,"price_change_3Y_percent":13.6928,"price_change_5Y_percent":992.205,"price_change_ALL_percent":128440000,"include_supply":true,"supply":19694712,"total_supply":19694712,"max_supply":21000000,"market_cap_rank":1,"visits_24h_rank":3025,"volume_rank":1,"last_update":"2024-05-06T12:00:15.000Z","btc_price":1,"btc_change":0}}},"https://coincodex.com/api/v1/assets/get_asset?symbol=XAU&t=5716658":{"loaded":1714997147839,"data":{"headers":{"normalizedNames":{},"lazyUpdate":null},"status":200,"statusText":"OK","url":"http://coincodex.com/api/v1/assets/get_asset?symbol=XAU&t=5716658","ok":true,"type":4,"body":{"symbol":"XAU","display":"true","display_symbol":"XAU","name":"Gold (per ounce)","slug":"xau","ccu_slug":"fiat-XAU","sign":"Gold (XAU)","type":"fiat","image_id":"93783f4a-637a-4edd-562a-fe9410eb3e00","last_price_usd":2317.655,"volume_24_usd":0,"last_market_cap_usd":null,"price_change_1H_percent":-0.0968,"price_change_1D_percent":0.6418,"price_change_7D_percent":-1.0554,"price_change_30D_percent":-0.5268,"price_change_90D_percent":14.4757,"price_change_180D_percent":18.0203,"price_change_YTD_percent":12.3502,"price_change_365D_percent":14.4578,"price_change_3Y_percent":26.2839,"price_change_5Y_percent":80.5457,"price_change_ALL_percent":149.317,"include_supply":true,"supply":0,"total_supply":0,"max_supply":0,"market_cap_rank":null,"visits_24h_rank":2979,"volume_rank":null,"last_update":"2024-05-06T12:04:28.000Z","btc_price":0.03605562727306387,"btc_change":-0.09698281210448188}}},"https://coincodex.com/api/v1/assets/get_asset?symbol=INDEX%3A%5EGSPC&t=5716656":{"loaded":1714996928719,"data":{"headers":{"normalizedNames":{},"lazyUpdate":null},"status":200,"statusText":"OK","url":"http://coincodex.com/api/v1/assets/get_asset?symbol=INDEX%3A%5EGSPC&t=5716656","ok":true,"type":4,"body":{"symbol":"INDEX:^GSPC","display":"true","display_symbol":"^GSPC","name":"S&P 500","slug":"sp500","ccu_slug":"sp500","sign":null,"type":"index","image_id":null,"last_price_usd":5127.79,"volume_24_usd":0,"last_market_cap_usd":null,"price_change_1H_percent":0,"price_change_1D_percent":0,"price_change_7D_percent":-3.43,"price_change_30D_percent":-5.49,"price_change_90D_percent":16.2764,"price_change_180D_percent":21.3145,"price_change_YTD_percent":16.2764,"price_change_365D_percent":19.3661,"price_change_3Y_percent":19.3661,"price_change_5Y_percent":19.3661,"price_change_ALL_percent":19.3661,"include_supply":true,"supply":0,"total_supply":0,"max_supply":0,"market_cap_rank":null,"visits_24h_rank":null,"volume_rank":null,"last_update":"2024-05-05T16:33:10.000Z","btc_price":0.07984721898249175,"btc_change":-0.5886148116999383}}},"https://coincodex.com/api/v1/metadata/topbar_pair?country=US&t=2836":{"loaded":1714996863670,"data":{"headers":{"normalizedNames":{},"lazyUpdate":null},"status":200,"statusText":"OK","url":"http://coincodex.com/api/v1/metadata/topbar_pair?country=US&t=2836","ok":true,"type":4,"body":["USD","EUR"]}},"https://coincodex.com/api/v1/assets/get_asset?symbol=EUR&t=5716658":{"loaded":1714997164254,"data":{"headers":{"normalizedNames":{},"lazyUpdate":null},"status":200,"statusText":"OK","url":"http://coincodex.com/api/v1/assets/get_asset?symbol=EUR&t=5716658","ok":true,"type":4,"body":{"symbol":"EUR","display":"true","display_symbol":"EUR","name":"Euro","slug":"eur","ccu_slug":"euro","sign":"€","type":"fiat","image_id":"706472fe-3718-44f3-8fc1-a3ae3c32a800","last_price_usd":1.07752,"volume_24_usd":0,"last_market_cap_usd":null,"price_change_1H_percent":0.0474,"price_change_1D_percent":0.091,"price_change_7D_percent":0.5469,"price_change_30D_percent":-0.6097,"price_change_90D_percent":0.4083,"price_change_180D_percent":1.0212,"price_change_YTD_percent":-2.3986,"price_change_365D_percent":-2.2474,"price_change_3Y_percent":-11.2348,"price_change_5Y_percent":-3.7921,"price_change_ALL_percent":15.8375,"include_supply":true,"supply":0,"total_supply":0,"max_supply":0,"market_cap_rank":null,"visits_24h_rank":3019,"volume_rank":null,"last_update":"2024-05-06T12:03:28.000Z","btc_price":0.000016760315296509752,"btc_change":-0.6591229625100887}}},"https://coincodex.com/api/coincodex/get_historical_snapshot/2024-04-28%2008:30/0/100?t=57166573":{"loaded":1714997165557,"data":{"headers":{"normalizedNames":{},"lazyUpdate":null},"status":200,"statusText":"OK","url":"http://coincodex.com/api/coincodex/get_historical_snapshot/2024-04-28%2008:30/0/100?t=57166573","ok":true,"type":4,"body":{"coins":[{"symbol":"BTC","display_symbol":"BTC","name":"Bitcoin","aliases":"","shortname":"bitcoin","last_price_usd":63850,"price_change_1H_percent":null,"price_change_1D_percent":1.3746644536297854,"price_change_7D_percent":-1.8510219662538578,"price_change_30D_percent":-8.658092206247856,"price_change_90D_percent":51.871344725544674,"price_change_180D_percent":86.3758892390043,"price_change_365D_percent":117.81403226499265,"price_change_YTD_percent":null,"volume_24_usd":125970747943,"display":"true","trading_since":"2010-07-17 00:00:00","supply":19691217,"last_update":null,"ico_end":null,"include_supply":"true","use_volume":"true","market_cap_usd":1257287485532,"last_price_usd_BTC":1,"last_price_usd_ETH":19.21867145854215,"volume_24_usd_BTC":1972916.9607361003,"volume_24_usd_ETH":37916842.88337261,"price_change_1D_percent_BTC":0,"price_change_1D_percent_ETH":-4.7509981348587305,"price_change_7D_percent_BTC":0,"price_change_7D_percent_ETH":-5.9653344913522925,"price_change_30D_percent_BTC":0,"price_change_30D_percent_ETH":-2.6962116619511978},{"symbol":"ETH","display_symbol":"ETH","name":"Ethereum","aliases":"ether","shortname":"ethereum","last_price_usd":3322.29,"price_change_1H_percent":null,"price_change_1D_percent":6.431209218508728,"price_change_7D_percent":4.375314680861039,"price_change_30D_percent":-6.127079578427229,"price_change_90D_percent":46.492391199936485,"price_change_180D_percent":84.67748072144786,"price_change_365D_percent":75.02405418028036,"price_change_YTD_percent":null,"volume_24_usd":17905122793,"display":"true","trading_since":"2015-08-07 14:55:00","supply":122053053,"last_update":null,"ico_end":null,"include_supply":"true","use_volume":"true","marke…